INSERT INTO DB2025_Team
VALUES
(1, '대한민국', 28, '2022 카타르 월드컵', 2, 1),
(2, '가나', 61, '2022 카타르 월드컵', 3, 0),
(3, '포르투갈', 9, '2022 카타르 월드컵', 1, 3);

INSERT INTO DB2025_Player (idPlayer, playerName, position, birthday, idTeam, ableToPlay, playerAction, performance)
VALUES
(1, '김승규', 'GK', '1990-09-30', 1, 1, '패스', 96),
(3, '김진수', 'DF', '1992-06-13', 1, 1, '크로스', 91),
(4, '김민재', 'DF', '1996-11-15', 1, 1, '태클', 102),
(5, '정우영', 'DM', '1989-12-14', 1, 1, '공중볼 경합 성공', 98),
(6, '황인범', 'DM', '1996-09-20', 1, 1, '패스', 101),
(7, '손흥민', 'AM', '1992-09-07', 1, 1, '슛', 100),
(9, '조규성', 'FW', '1998-01-25', 1, 1, '슛', 99),
(11, '황희찬', 'AM', '1996-01-26', 1, 1, '슛', 99),
(10, '이재성', 'AM', '1992-08-10', 1, 1, '패스', 100),
(13, '손준호', 'DM', '1992-05-12', 1, 1, '패스', 93),
(15, '김문환', 'DF', '1995-08-01', 1, 1, '크로스', 97),
(16, '황의조', 'FW', '1992-08-28', 1, 1, '슛', 95),
(17, '나상호', 'AM', '1996-08-12', 1, 1, '슛', 91),
(18, '이강인', 'AM', '2001-02-19', 1, 1, '드리블', 98),
(19, '김영권', 'DF', '1990-02-27', 1, 1, '차단', 100),
(26, '김승규', 'GK', '1990-09-30', 1, 1, '패스', 96),
(27, '권경원', 'DF', '1992-01-31', 2, 1, '차단', 93),
(22, '권창훈', 'AM', '1994-06-30', 1, 1, '슛', 93),
(24, '조유민', 'DF', '1996-11-17', 1, 1, '공중볼 경합 성공', 88),
(25, '정우영', 'AM', '1999-09-20', 1, 1, '슛', 91);

INSERT INTO DB2025_Tactics
VALUES
(1, 1, 'Field', '빌드업', '4-2-3-1', '안정적과 창의공격, 수비 안정', 1),
(2, 1, 'Field', '점유율과 밸런스', '4-3-3', '빠른 측면 공격과 압박', 1),
(3, 1, 'Field', '공격형', '3-4-3', '윙백의 적극적인 활용', 0),
(4, 1, 'Field', '수비형', '4-4-2', '조직적 블록', 0),
(5, 1, 'Setpiece', '인스윙 슈터', 'Near Post Overload', '전방 근처 포스트에 공격수 2~3명 배치하여 빠르게 슈팅 연결', 1),
(6, 1, 'Setpiece', '아웃스윙 타깃킥', 'Central Target Box', '중앙 타깃 구역에 장신 공격수 배치, 크로스 연계', 1),
(7, 1, 'Setpiece', '숏코너 리사이클', 'Short Corner Pair', '짧은 패스 이후 공격수 2~3명 조한 플레이로 기회 창출', 0),
(8, 1, 'Setpiece', '백포스트 침투', 'Far Post Run-in', '뒷포스트로 뛰어드는 선수를 위한 크로스 전개', 1),
(9, 2, 'Field', '수비형', '4-4-2', '조직적 블록', 0),
(10, 2, 'Setpiece', '인스윙 슈터', 'Near Post Overload', '전방 근처 포스트에 공격수 2~3명 배치하여 빠르게 슈팅 연결', 1),
(11, 3, 'Field', '수비형', '4-4-2', '조직적 블록', 0),
(12, 3, 'Setpiece', '인스윙 슈터', 'Near Post Overload', '전방 근처 포스트에 공격수 2~3명 배치하여 빠르게 슈팅 연결', 1);

INSERT INTO DB2025_GameRec
VALUES
(1, '2022-11-28', 1, 2),
(2, '2022-12-06', 1, 3);



INSERT INTO DB2025_GameStat
VALUES
(1, 1, 2, 1, 5 ,22, 7, 455, 142, 10, 19), 
(1, 2, 3, 9, 10, 1, 2, 32, 44, 11, 11),
(2, 1, 2, 1, 6, 13, 6, 281, 59, 14, 23),
(2, 3, 1, 11, 12, 12, 5, 280, 58, 13, 22);

INSERT INTO DB2025_Squad (idGame, idPlayer, playTime)
VALUES
(1, 1, 90), (1, 15, 90),(1, 4, 89),(1, 19, 90),(1, 3, 90),(1, 5, 78),
(1, 6, 90),(1, 22, 57),(1, 25, 46),(1, 7, 90),(1, 9, 90),(1, 17, 45),
(1, 18, 33),(1, 16, 11),
(2, 1, 90),(2, 15, 90),
(2, 19, 81),(2, 3, 90),(2, 6, 90),(2, 5, 90),(2, 18, 81),(2, 10, 65),
(2, 7, 90),(2, 9, 90),
(2, 13, 9),(2, 16, 9),(2, 24, 1);
